rescomp_id,resource_component,avgannchange,normal,data_elements,yrsposttreat
72,Invasive species,-1.2,-0.003185334,Plant Canopy Cover,3.17
72,Invasive species,-1.4,-0.003716224,Plant Canopy Cover,2.17
72,Invasive species,-1.5,-0.003981668,Plant Canopy Cover,19.5
72,Invasive species,-1.5,-0.003981668,Plant Canopy Cover,3.17
72,Invasive species,-1.7,-0.004512557,Plant Canopy Cover,20.5
72,Invasive species,-3,-0.007963336,Plant Canopy Cover,19.5
72,Invasive species,-3.9,-0.010352337,Plant Canopy Cover,20.5
72,Invasive species,-6.1,-0.016192117,Plant Canopy Cover,2.08
72,Invasive species,-6.7,-0.017784784,Plant Canopy Cover,2.08
72,Invasive species,-6.7,-0.017784784,Plant Canopy Cover,20.5
72,Invasive species,-6.9,-0.018315673,Plant Canopy Cover,2.17
72,Invasive species,-7.58,-0.070927352,Plant Density,20.5
72,Invasive species,-8.33,-0.078020088,Plant Density,20.5
72,Invasive species,-9,-0.375855816,Litter Cover,20.5
72,Invasive species,-9,-0.023890009,Plant Canopy Cover,20.5
72,Invasive species,-9.7,-0.405089046,Litter Cover,3.17
72,Invasive species,-9.8,-0.026013565,Plant Canopy Cover,1.08
72,Invasive species,-10,-0.417617574,Litter Cover,20.5
72,Invasive species,-11.6,-0.030791567,Plant Canopy Cover,2.08
72,Invasive species,-11.9,-0.0315879,Plant Canopy Cover,2.08
72,Invasive species,-13,-0.03450779,Plant Canopy Cover,19.5
72,Invasive species,-13.04,-0.000212782,Plant Density,20.5
72,Invasive species,-13.5,-0.035835013,Plant Canopy Cover,19.5
72,Invasive species,-15,-0.62642636,Litter Cover,19.5
72,Invasive species,-15.8,-0.659835766,Litter Cover,2.08
72,Invasive species,-16.5,-0.689068996,Litter Cover,3.17
72,Invasive species,-16.67,-0.156040175,Plant Density,20.5
72,Invasive species,-17.3,-0.722478402,Litter Cover,2.08
72,Invasive species,-19,-0.79347339,Litter Cover,1.08
72,Invasive species,-20.5,-0.856116026,Litter Cover,2.17
72,Invasive species,-24,-0.06370669,Plant Canopy Cover,1.08
72,Invasive species,-25,-1.044043934,Litter Cover,19.5
72,Invasive species,-28,-1.169329206,Litter Cover,19.5
72,Invasive species,-30,-0.004255641,Plant Density,20.5
72,Invasive species,-33.33,-0.028370941,Plant Density,19.5
72,Invasive species,-37.88,-0.354636762,Plant Density,20.5
72,Invasive species,-40,-1.670470294,Litter Cover,19.5
72,Invasive species,-48,-2.004564353,Litter Cover,20.5
72,Invasive species,-53,-2.21337314,Litter Cover,19.5
72,Invasive species,-54.12,-0.326265821,Plant Density,19.5
72,Invasive species,-60,-2.505705441,Litter Cover,19.5
72,Invasive species,-62.12,-0.581604289,Plant Density,20.5
72,Invasive species,-75,-0.001276692,Plant Density,19.5
72,Invasive species,-78.26,-0.001276692,Plant Density,20.5
72,Invasive species,-80,-0.482305996,Plant Density,19.5
72,Invasive species,-87.06,-0.524862408,Plant Density,19.5
72,Invasive species,-88.33,-0.075182994,Plant Density,19.5
72,Invasive species,1500,0.212782057,Plant Density,20.5
72,Invasive species,1000,0.141854705,Plant Density,20.5
72,Invasive species,545.83,0.009291483,Plant Density,19.5
72,Invasive species,465.22,0.007589227,Plant Density,20.5
72,Invasive species,425,0.00723459,Plant Density,19.5
72,Invasive species,400,0.006525316,Plant Density,20.5
72,Invasive species,383.33,0.326265821,Plant Density,19.5
72,Invasive species,200,0.170225646,Plant Density,19.5
72,Invasive species,200,0.028370941,Plant Density,20.5
72,Invasive species,164.71,0.019859659,Plant Density,19.5
72,Invasive species,160.87,0.002624312,Plant Density,20.5
72,Invasive species,158.33,0.013476197,Plant Density,20.5
72,Invasive species,141.18,0.017022565,Plant Density,19.5
72,Invasive species,116.67,0.009929829,Plant Density,20.5
72,Invasive species,111.76,0.013476197,Plant Density,19.5
72,Invasive species,66.67,0.001134838,Plant Density,19.5
72,Invasive species,64.71,0.007802009,Plant Density,19.5
72,Invasive species,61,2.682989451,Bare Ground,19.5
72,Invasive species,58.82,0.007092735,Plant Density,19.5
72,Invasive species,55,2.419088849,Bare Ground,19.5
72,Invasive species,50,0.007092735,Plant Density,20.5
72,Invasive species,50,0.004255641,Plant Density,20.5
72,Invasive species,50,0.000851128,Plant Density,19.5
72,Invasive species,44,1.935271079,Bare Ground,20.5
72,Invasive species,43.6,0.11573382,Plant Canopy Cover,1.08
72,Invasive species,40,1.759337345,Bare Ground,20.5
72,Invasive species,35.4,0.093967367,Plant Canopy Cover,2.08
72,Invasive species,34.12,0.205689322,Plant Density,19.5
72,Invasive species,26.6,0.070608248,Plant Canopy Cover,2.08
72,Invasive species,25,0.002127821,Plant Density,20.5
72,Invasive species,25,1.099585841,Bare Ground,19.5
72,Invasive species,22.35,0.13476197,Plant Density,19.5
72,Invasive species,21,0.923652106,Bare Ground,19.5
72,Invasive species,18,0.791701805,Bare Ground,19.5
72,Invasive species,17.9,0.047514573,Plant Canopy Cover,2.17
72,Invasive species,17,0.747718372,Bare Ground,2.17
72,Invasive species,14.5,0.038489458,Plant Canopy Cover,3.17
72,Invasive species,13.5,0.035835013,Plant Canopy Cover,20.5
72,Invasive species,11.6,0.030791567,Plant Canopy Cover,20.5
72,Invasive species,11.5,0.030526122,Plant Canopy Cover,20.5
72,Invasive species,10.9,0.479419426,Bare Ground,2.17
72,Invasive species,10.6,0.028137121,Plant Canopy Cover,19.5
72,Invasive species,9.9,0.02627901,Plant Canopy Cover,20.5
72,Invasive species,9,0.395850903,Bare Ground,20.5
72,Invasive species,8.33,0.000709274,Plant Density,20.5
72,Invasive species,7.7,0.338672439,Bare Ground,2.08
72,Invasive species,7.7,0.338672439,Bare Ground,1.08
72,Invasive species,7.6,0.020173785,Plant Canopy Cover,19.5
72,Invasive species,7.6,0.020173785,Plant Canopy Cover,19.5
72,Invasive species,6,0.015926672,Plant Canopy Cover,20.5
72,Invasive species,6,0.263900602,Bare Ground,20.5
72,Invasive species,5.6,0.014864894,Plant Canopy Cover,3.17
72,Invasive species,5,0.219917168,Bare Ground,2.08
72,Invasive species,4.9,0.013006783,Plant Canopy Cover,19.5
72,Invasive species,4.8,0.012741338,Plant Canopy Cover,19.5
72,Invasive species,4.8,0.211120481,Bare Ground,3.17
72,Invasive species,4.2,0.011148671,Plant Canopy Cover,3.17
72,Invasive species,4,0.175933734,Bare Ground,20.5
72,Invasive species,3.8,0.010086893,Plant Canopy Cover,20.5
72,Invasive species,3.5,0.009290559,Plant Canopy Cover,20.5
72,Invasive species,2.8,0.007432447,Plant Canopy Cover,19.5
72,Invasive species,2.4,0.006370669,Plant Canopy Cover,19.5
72,Invasive species,1,0.002654445,Plant Canopy Cover,20.5
72,Invasive species,0.5,0.020880879,Litter Cover,20.5
72,Invasive species,0.4,0.001061778,Plant Canopy Cover,20.5
72,Invasive species,0.3,0.01319503,Bare Ground,3.17
72,Invasive species,0.1,0.000265445,Plant Canopy Cover,20.5
72,Invasive species,-0.2,-0.000530889,Plant Canopy Cover,19.5
72,Invasive species,-0.4,-0.001061778,Plant Canopy Cover,3.17
72,Invasive species,-0.5,-0.001327223,Plant Canopy Cover,19.5
72,Invasive species,-0.55,-0.001459945,Plant Canopy Cover,20.5
72,Invasive species,-0.7,-0.001858112,Plant Canopy Cover,19.5
72,Invasive species,-0.9,-0.002389001,Plant Canopy Cover,19.5
16,Moisture Management,-18.37,-0.011895851,Runoff,11
16,Moisture Management,-19.59,-0.013128958,Runoff,7
16,Moisture Management,-19.63,-0.013056422,Runoff,9
16,Moisture Management,-19.92,-0.010952888,Runoff,10
16,Moisture Management,-20.16,-0.013056422,Runoff,4
16,Moisture Management,-20.63,-0.010009924,Runoff,5
16,Moisture Management,-21.77,-0.011968387,Runoff,4
16,Moisture Management,-24.65,-0.016393064,Runoff,11
16,Moisture Management,-26.6,-0.025024809,Runoff,11
16,Moisture Management,-26.91,-0.013781779,Runoff,10
16,Moisture Management,-27.04,-0.009864852,Runoff,4.08
16,Moisture Management,-27.2,-0.013201494,Runoff,11
16,Moisture Management,-27.52,-0.011097959,Runoff,10
16,Moisture Management,-28.22,-0.026548059,Runoff,9
16,Moisture Management,-28.46,-0.019076884,Runoff,8
16,Moisture Management,-28.62,-0.012911351,Runoff,11
16,Moisture Management,-29.79,-0.014652207,Runoff,6.08
16,Moisture Management,-29.95,-0.016465599,Runoff,5
16,Moisture Management,-30.44,-0.023138882,Runoff,11
16,Moisture Management,-30.83,-0.011025423,Runoff,4
16,Moisture Management,-31.11,-0.011170495,Runoff,4
16,Moisture Management,-31.97,-0.024299453,Runoff,4
16,Moisture Management,-32.48,-0.014652207,Runoff,9
16,Moisture Management,-33.23,-0.016320528,Runoff,4
16,Moisture Management,-33.4,-0.012185994,Runoff,3.08
16,Moisture Management,-34.12,-0.012621208,Runoff,4.08
16,Moisture Management,-35.08,-0.033003734,Runoff,4
16,Moisture Management,-35.55,-0.023646632,Runoff,4
16,Moisture Management,-35.75,-0.019657169,Runoff,11
16,Moisture Management,-36,-2.462629681,Plant Foliar Cover,0
16,Moisture Management,-36.53,-0.021543097,Runoff,10
16,Moisture Management,-36.97,-0.044464372,Runoff,1
16,Moisture Management,-38.95,-0.01392685,Runoff,11
16,Moisture Management,-39.19,-0.014071922,Runoff,11
16,Moisture Management,-39.22,-0.014507136,Runoff,3.08
16,Moisture Management,-39.78,-0.0309002,Runoff,11
16,Moisture Management,-40.65,-0.02081774,Runoff,11
16,Moisture Management,-40.7,-0.032713592,Runoff,11
16,Moisture Management,-40.72,-0.032133306,Runoff,11
16,Moisture Management,-41.05,-0.034091769,Runoff,10
16,Moisture Management,-41.23,-0.033438948,Runoff,11
16,Moisture Management,-41.61,-0.033438948,Runoff,10
16,Moisture Management,-41.64,-0.020600133,Runoff,11
16,Moisture Management,-41.89,-0.020600133,Runoff,4.08
16,Moisture Management,-42.13,-0.034164305,Runoff,10
16,Moisture Management,-42.24,-0.033946698,Runoff,9
16,Moisture Management,-42.7,-0.051355261,Runoff,10
16,Moisture Management,-42.71,-0.040184767,Runoff,7
16,Moisture Management,-42.75,-0.034672055,Runoff,9
16,Moisture Management,-42.93,-0.019367026,Runoff,7
16,Moisture Management,-43.04,-0.040402374,Runoff,9
16,Moisture Management,-43.78,-0.028361451,Runoff,7
16,Moisture Management,-44.05,-0.019874776,Runoff,4
16,Moisture Management,-44.33,-0.029231879,Runoff,8
16,Moisture Management,-44.76,-0.021978311,Runoff,8
16,Moisture Management,-44.77,-0.029522022,Runoff,4
16,Moisture Management,-45.8,-0.030464985,Runoff,8
16,Moisture Management,-45.94,-0.038153768,Runoff,9
16,Moisture Management,-45.96,-0.055272188,Runoff,11
16,Moisture Management,-46.51,-0.027998772,Runoff,11
16,Moisture Management,-46.51,-0.025097345,Runoff,11
16,Moisture Management,-46.6,-0.043739015,Runoff,11
16,Moisture Management,-47.12,-0.019004348,Runoff,8
16,Moisture Management,-48.46,-0.028579058,Runoff,11
16,Moisture Management,-49.04,-0.046132692,Runoff,8
16,Moisture Management,-49.4,-0.029739629,Runoff,9
16,Moisture Management,-49.61,-0.041200266,Runoff,11
16,Moisture Management,-50.27,-0.040402374,Runoff,4
16,Moisture Management,-50.72,-0.04112773,Runoff,4
16,Moisture Management,-51.27,-0.026257916,Runoff,4
16,Moisture Management,-52.1,-0.039604481,Runoff,7
16,Moisture Management,-53.14,-0.063903934,Runoff,9
16,Moisture Management,-54.33,-0.050992583,Runoff,4
16,Moisture Management,-55.3,-0.037065732,Runoff,5
16,Moisture Management,-56.3,-0.027853701,Runoff,9
16,Moisture Management,-56.66,-0.020672669,Runoff,9.08
16,Moisture Management,-56.86,-0.021035347,Runoff,5.08
16,Moisture Management,-57.23,-0.034454448,Runoff,7
16,Moisture Management,-57.69,-0.034019234,Runoff,4
16,Moisture Management,-58.07,-0.034962198,Runoff,4
16,Moisture Management,-59.2,-0.045987621,Runoff,4
16,Moisture Management,-59.83,-0.047220727,Runoff,4
16,Moisture Management,-59.95,-0.032350913,Runoff,9
16,Moisture Management,-60.52,-0.050267226,Runoff,4
16,Moisture Management,-61.28,-0.049251727,Runoff,7
16,Moisture Management,-61.59,-0.057810937,Runoff,8
16,Moisture Management,-61.63,-0.049977083,Runoff,7
16,Moisture Management,-62.77,-0.025314952,Runoff,5
16,Moisture Management,-63.03,-0.032278377,Runoff,5
16,Moisture Management,-63.08,-0.030610057,Runoff,9
16,Moisture Management,-63.61,-0.041200266,Runoff,9
16,Moisture Management,-65.1,-0.032205842,Runoff,4
16,Moisture Management,-65.57,-0.043231265,Runoff,7
16,Moisture Management,-66.67,-0.032350913,Runoff,7
16,Moisture Management,-67.16,-0.033221341,Runoff,7
16,Moisture Management,-67.34,-0.055925009,Runoff,8
16,Moisture Management,-67.41,-0.037065732,Runoff,9
16,Moisture Management,-67.63,-0.008486675,Runoff,3
16,Moisture Management,-67.9,-0.040039695,Runoff,5
16,Moisture Management,-67.99,-0.033438948,Runoff,3.08
16,Moisture Management,-68.01,-0.036703054,Runoff,4
16,Moisture Management,-68.16,-0.064121541,Runoff,5
16,Moisture Management,-68.19,-0.024879738,Runoff,5.08
16,Moisture Management,-68.25,-0.053023582,Runoff,7
16,Moisture Management,-68.32,-0.05490951,Runoff,8
16,Moisture Management,-68.6,-0.055634866,Runoff,8
16,Moisture Management,-68.75,-0.054256688,Runoff,7
16,Moisture Management,-68.99,-0.052443296,Runoff,9
16,Moisture Management,-69.26,-0.046422835,Runoff,1
16,Moisture Management,-69.48,-0.083561103,Runoff,8
16,Moisture Management,-69.72,-0.083851246,Runoff,4
16,Moisture Management,-69.84,-0.054256688,Runoff,9
16,Moisture Management,-69.89,-0.037718553,Runoff,7
16,Moisture Management,-70.31,-0.055489795,Runoff,9
16,Moisture Management,-70.58,-0.038806589,Runoff,7
16,Moisture Management,-70.99,-0.047220727,Runoff,7
16,Moisture Management,-73.84,-0.035832626,Runoff,8
16,Moisture Management,-74.48,-0.049106655,Runoff,3
16,Moisture Management,-74.9,-0.02770863,Runoff,2.08
16,Moisture Management,-75.33,-0.036993197,Runoff,7
16,Moisture Management,-75.92,-0.049179191,Runoff,8
16,Moisture Management,-76.06,-0.03895166,Runoff,7
16,Moisture Management,-76.06,-0.02720088,Runoff,9
16,Moisture Management,-76.06,-0.02720088,Runoff,5
16,Moisture Management,-76.16,-0.027345951,Runoff,9
16,Moisture Management,-76.16,-0.027345951,Runoff,5
16,Moisture Management,-76.91,-0.042288301,Runoff,8
16,Moisture Management,-77.49,-0.034962198,Runoff,8
16,Moisture Management,-78.1,-0.073478644,Runoff,1
16,Moisture Management,-78.61,-0.009864852,Runoff,7
16,Moisture Management,-79.21,-0.046712978,Runoff,7
16,Moisture Management,-79.44,-0.074566679,Runoff,7
16,Moisture Management,-79.48,-0.060422221,Runoff,8
16,Moisture Management,-79.89,-0.040910123,Runoff,9
16,Moisture Management,-81.12,-0.097560489,Runoff,7
16,Moisture Management,-81.34,-0.029086808,Runoff,8
16,Moisture Management,-81.41,-0.029231879,Runoff,8
16,Moisture Management,-82.53,-0.048671441,Runoff,9
16,Moisture Management,-82.63,-0.064194077,Runoff,5
16,Moisture Management,-82.9,-0.065427183,Runoff,5
16,Moisture Management,-83.13,-0.050049619,Runoff,8
16,Moisture Management,-83.98,-0.030029771,Runoff,7
16,Moisture Management,-84.04,-0.030174843,Runoff,7
16,Moisture Management,-85.41,-0.070939895,Runoff,7
16,Moisture Management,-86.01,-0.103435879,Runoff,3
16,Moisture Management,-86.41,-0.042433373,Runoff,5
16,Moisture Management,-86.8,-0.042941122,Runoff,8
16,Moisture Management,-87.44,-0.042941122,Runoff,1
16,Moisture Management,-87.77,-0.068183539,Runoff,8
16,Moisture Management,-87.9,-0.047438335,Runoff,8
16,Moisture Management,-87.96,-0.069416645,Runoff,8
16,Moisture Management,-88.02,-0.057013044,Runoff,1
16,Moisture Management,-88.79,-0.043666479,Runoff,2.08
16,Moisture Management,-89.03,-0.057665865,Runoff,5
16,Moisture Management,-89.79,-0.068256075,Runoff,1
16,Moisture Management,-89.9,-0.006455675,Runoff,3.08
16,Moisture Management,-89.93,-0.03626784,Runoff,3
16,Moisture Management,-90.03,-0.044536907,Runoff,5
16,Moisture Management,-90.65,-0.068908896,Runoff,5
16,Moisture Management,-90.65,-0.046422835,Runoff,8
16,Moisture Management,-90.86,-0.049034119,Runoff,5
16,Moisture Management,-90.88,-0.073043429,Runoff,5
16,Moisture Management,-90.97,-0.073768786,Runoff,5
16,Moisture Management,-91.88,-0.054184153,Runoff,8
16,Moisture Management,-91.97,-0.076380071,Runoff,5
16,Moisture Management,-92.11,-0.045697478,Runoff,2.08
16,Moisture Management,-92.58,-0.07688782,Runoff,1
16,Moisture Management,-92.85,-0.061220114,Runoff,5
16,Moisture Management,-93.04,-0.033946698,Runoff,2.08
16,Moisture Management,-93.35,-0.037646018,Runoff,7
16,Moisture Management,-94.05,-0.063033506,Runoff,3
16,Moisture Management,-94.88,-0.047075656,Runoff,5.08
16,Moisture Management,-95.76,-0.090089314,Runoff,3
16,Moisture Management,-95.91,-0.047583406,Runoff,4.08
16,Moisture Management,-95.96,-0.046567906,Runoff,3
16,Moisture Management,-96.08,-0.115549338,Runoff,5
16,Moisture Management,-96.29,-0.064049005,Runoff,5
16,Moisture Management,-96.44,-0.053023582,Runoff,3
16,Moisture Management,-96.86,-0.035832626,Runoff,6.08
16,Moisture Management,-97.16,-0.064629291,Runoff,3
16,Moisture Management,-97.16,-0.064629291,Runoff,1
16,Moisture Management,-97.27,-0.043884086,Runoff,5
16,Moisture Management,-97.37,-0.091394956,Runoff,5
16,Moisture Management,-97.37,-0.048308763,Runoff,3.08
16,Moisture Management,-97.66,-0.048453834,Runoff,6.08
16,Moisture Management,-97.84,-0.009864852,Runoff,2.08
16,Moisture Management,-97.95,-0.058971508,Runoff,5
16,Moisture Management,-97.99,-0.091975242,Runoff,3
16,Moisture Management,-97.99,-0.091975242,Runoff,1
16,Moisture Management,-99.1,-0.079644176,Runoff,3
16,Moisture Management,-99.11,-0.080369533,Runoff,3
16,Moisture Management,-100,-0.083053353,Runoff,3
16,Moisture Management,-100,-0.08109489,Runoff,1
16,Moisture Management,-100,-0.080369533,Runoff,1
16,Moisture Management,-100,-0.078918819,Runoff,3
16,Moisture Management,-100,-0.078918819,Runoff,1
16,Moisture Management,-100,-0.077685713,Runoff,3
16,Moisture Management,-100,-0.077685713,Runoff,1
16,Moisture Management,-100,-0.076017392,Runoff,3
16,Moisture Management,-100,-0.064774362,Runoff,3
16,Moisture Management,-100,-0.060204614,Runoff,3
16,Moisture Management,-100,-0.060204614,Runoff,1
16,Moisture Management,-100,-0.058971508,Runoff,3
16,Moisture Management,-100,-0.058971508,Runoff,1
16,Moisture Management,-100,-0.054982045,Runoff,1
16,Moisture Management,-100,-0.053966546,Runoff,3
16,Moisture Management,-100,-0.053966546,Runoff,1
16,Moisture Management,-100,-0.05121019,Runoff,3
16,Moisture Management,-100,-0.05121019,Runoff,1
16,Moisture Management,-100,-0.049469334,Runoff,3
16,Moisture Management,-100,-0.049469334,Runoff,1
16,Moisture Management,-100,-0.049106655,Runoff,3
16,Moisture Management,-100,-0.04852637,Runoff,1
16,Moisture Management,-100,-0.045117193,Runoff,3
16,Moisture Management,-100,-0.045117193,Runoff,1
16,Moisture Management,-100,-0.035905161,Runoff,3
16,Moisture Management,-100,-0.035905161,Runoff,1
16,Moisture Management,-100,-0.03576009,Runoff,3
16,Moisture Management,-100,-0.03576009,Runoff,1
16,Moisture Management,-100,-0.010082459,Runoff,3.08
16,Moisture Management,-100,-0.008849353,Runoff,3.08
16,Moisture Management,-100,-0.008849353,Runoff,2.08
16,Moisture Management,-100,-0.007181032,Runoff,2.08
16,Moisture Management,35.48,0.054005452,Infiltration Rate,7.67
16,Moisture Management,19,1.29972122,Plant Foliar Cover,12
16,Moisture Management,17.86,0.024547933,Infiltration Rate,7.67
16,Moisture Management,17.65,0.029457519,Infiltration Rate,7.67
16,Moisture Management,9,0.61565742,Plant Foliar Cover,12
16,Moisture Management,3,0.20521914,Plant Foliar Cover,10
16,Moisture Management,3,0.125285272,Litter Cover,11
16,Moisture Management,1,0.041761757,Litter Cover,12
16,Moisture Management,1,0.041761757,Litter Cover,10
16,Moisture Management,0,0,Micro-relief variability,10
16,Moisture Management,0,0,Infiltration Rate,7.67
16,Moisture Management,-1,-0.041761757,Litter Cover,1
16,Moisture Management,-1,-0.041761757,Litter Cover,10
16,Moisture Management,-1,-0.041761757,Litter Cover,-1
16,Moisture Management,-2,-0.13681276,Plant Foliar Cover,11
16,Moisture Management,-2,-0.083523515,Litter Cover,11
16,Moisture Management,-2,-0.083523515,Litter Cover,0
16,Moisture Management,-4,-0.27362552,Plant Foliar Cover,11
16,Moisture Management,-4,-0.167047029,Litter Cover,12
16,Moisture Management,-5.13,-0.009819173,Infiltration Rate,7.67
16,Moisture Management,-6,-0.41043828,Plant Foliar Cover,11
16,Moisture Management,-7,-0.47884466,Plant Foliar Cover,0
16,Moisture Management,-8,-0.54725104,Plant Foliar Cover,12
16,Moisture Management,-8.96,-0.029457519,Infiltration Rate,7.5
16,Moisture Management,-9.09,-0.01472876,Infiltration Rate,7.67
16,Moisture Management,-9.43,-0.024547933,Infiltration Rate,8.67
16,Moisture Management,-10.64,-0.024547933,Infiltration Rate,8.5
16,Moisture Management,-11,-0.75247018,Plant Foliar Cover,-1
16,Moisture Management,-11.63,-0.024547933,Infiltration Rate,8.67
16,Moisture Management,-12,-0.82087656,Plant Foliar Cover,1
16,Moisture Management,-12.5,-0.257953337,Micro-relief variability,11
16,Moisture Management,-14.29,-0.257953337,Micro-relief variability,10
16,Moisture Management,-14.29,-0.257953337,Micro-relief variability,-1
16,Moisture Management,-14.81,-0.039276693,Infiltration Rate,8.67
16,Moisture Management,-15,-0.659751504,Bare Ground,21.67
16,Moisture Management,-15.87,-0.049095866,Infiltration Rate,8.67
16,Moisture Management,-16,-0.039276693,Infiltration Rate,8.5
16,Moisture Management,-16.07,-0.044186279,Infiltration Rate,7.5
16,Moisture Management,-17.86,-0.318615712,Soil Moisture Depletion,21.58
16,Moisture Management,-18,-1.23131484,Plant Foliar Cover,10
16,Moisture Management,-18.33,-0.054005452,Infiltration Rate,8.5
16,Moisture Management,-19.57,-0.044186279,Infiltration Rate,7.5
16,Moisture Management,-20,-1.3681276,Plant Foliar Cover,10
16,Moisture Management,-22.73,-0.073643799,Infiltration Rate,8.67
16,Moisture Management,-22.95,-0.068734212,Infiltration Rate,7.5
16,Moisture Management,-23.21,-0.063824626,Infiltration Rate,7.5
16,Moisture Management,-23.91,-0.054005452,Infiltration Rate,7.5
16,Moisture Management,-24,-0.058915039,Infiltration Rate,8.5
16,Moisture Management,-25,-0.515906674,Micro-relief variability,0
16,Moisture Management,-25,-0.254892569,Soil Moisture Depletion,21.58
16,Moisture Management,-26.32,-0.073643799,Infiltration Rate,8.5
16,Moisture Management,-26.92,-0.068734212,Infiltration Rate,8.67
16,Moisture Management,-27.14,-0.093282145,Infiltration Rate,8.5
16,Moisture Management,-30,-0.764677708,Soil Moisture Depletion,21.58
16,Moisture Management,-37.5,-0.77386001,Micro-relief variability,11
16,Moisture Management,-45,-2.321580031,Micro-relief variability,12
16,Moisture Management,-45,-2.321580031,Micro-relief variability,1
16,Moisture Management,-50,-2.579533368,Micro-relief variability,12
16,Moisture Management,-50,-0.573508281,Soil Moisture Depletion,21.58
16,Moisture Management,-50,-1.031813347,Micro-relief variability,11
16,Moisture Management,-55,-2.837486705,Micro-relief variability,12
16,Moisture Management,-61.9,-0.828400851,Soil Moisture Depletion,21.58
16,Moisture Management,2361.62,0.169588419,Runoff,1.08
16,Moisture Management,2009.84,0.177857487,Runoff,1.08
16,Moisture Management,1526.62,0.153920712,Runoff,1.08
16,Moisture Management,581.5,0.072970894,Runoff,6
16,Moisture Management,580.35,0.072825822,Runoff,9
16,Moisture Management,412.14,0.05171794,Runoff,2
16,Moisture Management,362.63,0.026040309,Runoff,19
16,Moisture Management,343.94,0.125486726,Runoff,1.08
16,Moisture Management,290.16,0.025677631,Runoff,0.08
16,Moisture Management,275.69,0.101985166,Runoff,1.08
16,Moisture Management,262.63,0.018859277,Runoff,0.08
16,Moisture Management,255.56,0.018351527,Runoff,6.08
16,Moisture Management,246.82,0.030972735,Runoff,1
16,Moisture Management,233.53,0.029304415,Runoff,4
16,Moisture Management,222.55,0.082327996,Runoff,0.08
16,Moisture Management,221.39,0.027781165,Runoff,0
16,Moisture Management,202.16,0.020382526,Runoff,0.08
16,Moisture Management,195.95,0.024589595,Runoff,11
16,Moisture Management,169.47,0.083343496,Runoff,1.08
16,Moisture Management,161.59,0.104668986,Runoff,2
16,Moisture Management,147.47,0.010590209,Runoff,5.08
16,Moisture Management,139.29,0.09335342,Runoff,2
16,Moisture Management,132.95,0.016683206,Runoff,10
16,Moisture Management,130.47,0.086027316,Runoff,2
16,Moisture Management,128.8,0.063251113,Runoff,6
16,Moisture Management,122.9,0.093425955,Runoff,2
16,Moisture Management,112.05,0.045189728,Runoff,6
16,Moisture Management,111.69,0.045044657,Runoff,9
16,Moisture Management,104.68,0.051935547,Runoff,0.08
16,Moisture Management,100.29,0.049324262,Runoff,0.08
16,Moisture Management,96,0.064339148,Runoff,6
16,Moisture Management,93.64,0.034164305,Runoff,0.08
16,Moisture Management,90.13,0.043739015,Runoff,6
16,Moisture Management,86.36,0.056940509,Runoff,6
16,Moisture Management,84.88,0.054982045,Runoff,6
16,Moisture Management,83.33,1.289766684,Micro-relief variability,1
16,Moisture Management,83.29,0.064701826,Runoff,6
16,Moisture Management,82.4,0.054329224,Runoff,0
16,Moisture Management,80.42,0.06346872,Runoff,6
16,Moisture Management,76.75,0.038081232,Runoff,1.08
16,Moisture Management,70.47,0.066297611,Runoff,2
16,Moisture Management,70.39,0.025169881,Runoff,6
16,Moisture Management,69.94,0.008776817,Runoff,8
16,Moisture Management,69.7,0.025024809,Runoff,6
16,Moisture Management,69.13,0.033946698,Runoff,0
16,Moisture Management,67.81,0.037283339,Runoff,6
16,Moisture Management,63.64,0.004569748,Runoff,4.08
16,Moisture Management,62.86,0.028361451,Runoff,6
16,Moisture Management,61.3,0.030102307,Runoff,2
16,Moisture Management,59.49,0.030464985,Runoff,6
16,Moisture Management,59.35,0.023936774,Runoff,2
16,Moisture Management,57.54,0.043739015,Runoff,6
16,Moisture Management,57.31,0.046060157,Runoff,6
16,Moisture Management,55.9,0.0453348,Runoff,6
16,Moisture Management,54.25,0.026838201,Runoff,6
16,Moisture Management,48.64,0.032350913,Runoff,6
16,Moisture Management,47.54,0.004207069,Runoff,4.08
16,Moisture Management,43.09,0.019439562,Runoff,2
16,Moisture Management,41.4,0.022340989,Runoff,6
16,Moisture Management,41.11,0.027345951,Runoff,2
16,Moisture Management,41.11,0.027345951,Runoff,0
16,Moisture Management,40.37,0.027055809,Runoff,0
16,Moisture Management,39.63,0.037283339,Runoff,6
16,Moisture Management,38.5,0.022703668,Runoff,6
16,Moisture Management,36.04,0.024154381,Runoff,10
16,Moisture Management,35.55,0.023646632,Runoff,10
16,Moisture Management,35.28,0.029304415,Runoff,6
16,Moisture Management,33.61,0.002973963,Runoff,5.08
16,Moisture Management,33.44,0.015087421,Runoff,0
16,Moisture Management,31,2.120597781,Plant Foliar Cover,1
16,Moisture Management,30.22,0.003046499,Runoff,4.08
16,Moisture Management,26.36,0.031698092,Runoff,2
16,Moisture Management,25.35,0.012983887,Runoff,2
16,Moisture Management,22.05,0.013274029,Runoff,6
16,Moisture Management,19.88,0.007253568,Runoff,19
16,Moisture Management,19.65,0.002466213,Runoff,5
16,Moisture Management,17.36,0.01124303,Runoff,0
16,Moisture Management,14.96,0.009864852,Runoff,1
16,Moisture Management,12.32,0.006092997,Runoff,2
16,Moisture Management,11.66,0.005657783,Runoff,2
16,Moisture Management,11.58,0.005222569,Runoff,10
16,Moisture Management,10.34,0.00369932,Runoff,10
16,Moisture Management,9.9,0.003554248,Runoff,10
16,Moisture Management,9.09,0.004497212,Runoff,0
16,Moisture Management,8.86,0.005222569,Runoff,2
16,Moisture Management,8.03,0.006238068,Runoff,2
16,Moisture Management,7.91,0.00319157,Runoff,1
16,Moisture Management,7.23,0.004352141,Runoff,2
16,Moisture Management,6.68,0.00536764,Runoff,2
16,Moisture Management,6.34,0.005004962,Runoff,2
16,Moisture Management,5.72,0.004642283,Runoff,2
16,Moisture Management,5.33,0.005004962,Runoff,6
16,Moisture Management,4.51,0.002973963,Runoff,10
16,Moisture Management,3.78,0.001523249,Runoff,4
16,Moisture Management,3.03,0.002030999,Runoff,11
16,Moisture Management,3,0.125285272,Litter Cover,1
16,Moisture Management,2.96,0.001595785,Runoff,2
16,Moisture Management,2.17,0.002611284,Runoff,6
16,Moisture Management,2,0.083523515,Litter Cover,1
16,Moisture Management,1.44,0.000145071,Runoff,5.08
16,Moisture Management,0.9,0.000725357,Runoff,0
16,Moisture Management,0.81,0.000290143,Runoff,2
16,Moisture Management,0.76,0.00050775,Runoff,9
16,Moisture Management,0.4,0.000145071,Runoff,2
16,Moisture Management,0,0,Runoff,2
16,Moisture Management,0,0,Runoff,6.08
16,Moisture Management,0,0,Micro-relief variability,0
16,Moisture Management,-0.3,-0.000145071,Runoff,10
16,Moisture Management,-0.4,-0.000145071,Runoff,0
16,Moisture Management,-1,-0.041761757,Litter Cover,0
16,Moisture Management,-1.43,-0.000942964,Runoff,11
16,Moisture Management,-1.45,-0.000797892,Runoff,2
16,Moisture Management,-1.56,-0.001233107,Runoff,0
16,Moisture Management,-2.33,-0.001813392,Runoff,10
16,Moisture Management,-3.08,-0.002901427,Runoff,10
16,Moisture Management,-3.86,-0.003046499,Runoff,10
16,Moisture Management,-3.94,-0.00369932,Runoff,10
16,Moisture Management,-4.14,-0.00268382,Runoff,10
16,Moisture Management,-4.63,-0.003844391,Runoff,2
16,Moisture Management,-5,-0.3420319,Plant Foliar Cover,1
16,Moisture Management,-7.91,-0.00319157,Runoff,11
16,Moisture Management,-8.57,-0.004207069,Runoff,9
16,Moisture Management,-8.87,-0.005947926,Runoff,4
16,Moisture Management,-9.27,-0.004497212,Runoff,10
16,Moisture Management,-9.97,-0.004932426,Runoff,10
16,Moisture Management,-11.36,-0.005512712,Runoff,4
16,Moisture Management,-11.5,-0.005657783,Runoff,5.08
16,Moisture Management,-11.74,-0.006455675,Runoff,0
16,Moisture Management,-13.16,-0.007761318,Runoff,0
16,Moisture Management,-14.52,-0.00957471,Runoff,9
16,Moisture Management,-14.77,-0.007253568,Runoff,11
16,Moisture Management,-16.39,-0.009864852,Runoff,10
16,Moisture Management,-17.47,-0.009429638,Runoff,10
16,Moisture Management,-18.32,-0.01392685,Runoff,10
1,Sheet and rill erosion,19,1.29972122,Plant Foliar Cover,12
1,Sheet and rill erosion,16,0.703734938,Bare Ground,10
1,Sheet and rill erosion,13,0.571784637,Bare Ground,1
1,Sheet and rill erosion,12,0.527801203,Bare Ground,12
1,Sheet and rill erosion,12,0.527801203,Bare Ground,10
1,Sheet and rill erosion,9,0.61565742,Plant Foliar Cover,12
1,Sheet and rill erosion,8,0.351867469,Bare Ground,-1
1,Sheet and rill erosion,7,0.307884035,Bare Ground,0
1,Sheet and rill erosion,6,0.263900602,Bare Ground,11
1,Sheet and rill erosion,3,0.20521914,Plant Foliar Cover,10
1,Sheet and rill erosion,0,0,Bare Ground,11
1,Sheet and rill erosion,-2,-0.13681276,Plant Foliar Cover,11
1,Sheet and rill erosion,-4,-0.175933734,Bare Ground,11
1,Sheet and rill erosion,-4,-0.27362552,Plant Foliar Cover,11
1,Sheet and rill erosion,-4,-0.175933734,Bare Ground,10
1,Sheet and rill erosion,-6,-0.41043828,Plant Foliar Cover,11
1,Sheet and rill erosion,-7,-0.47884466,Plant Foliar Cover,0
1,Sheet and rill erosion,-8,-0.54725104,Plant Foliar Cover,12
1,Sheet and rill erosion,-11,-0.75247018,Plant Foliar Cover,-1
1,Sheet and rill erosion,-11,-0.48381777,Bare Ground,12
1,Sheet and rill erosion,-12,-0.82087656,Plant Foliar Cover,1
1,Sheet and rill erosion,-14,-0.615768071,Bare Ground,12
1,Sheet and rill erosion,-18,-1.23131484,Plant Foliar Cover,10
1,Sheet and rill erosion,-20,-1.3681276,Plant Foliar Cover,10
1,Sheet and rill erosion,42,1.847304212,Bare Ground,0
1,Sheet and rill erosion,31,2.120597781,Plant Foliar Cover,1
1,Sheet and rill erosion,10,0.439834336,Bare Ground,1
1,Sheet and rill erosion,-5,-0.3420319,Plant Foliar Cover,1
1,Sheet and rill erosion,-32,-1.407469876,Bare Ground,1
1,Sheet and rill erosion,-36,-2.462629681,Plant Foliar Cover,0
76,Feed and forage balance,-5,-0.013272227,Plant Canopy Cover,3.75
76,Feed and forage balance,-5,-0.013272227,Plant Canopy Cover,3.75
76,Feed and forage balance,-8.9,-0.023624564,Plant Canopy Cover,3.75
76,Feed and forage balance,-9.5,-0.025217231,Plant Canopy Cover,3.75
76,Feed and forage balance,-10,-0.026544454,Plant Canopy Cover,3.75
76,Feed and forage balance,-12.5,-0.033180568,Plant Canopy Cover,3.75
76,Feed and forage balance,-25.93,-0.259956569,"Standing Biomass, Live",1.75
76,Feed and forage balance,-53.09,-0.532292022,"Standing Biomass, Live",0.75
76,Feed and forage balance,1500,0.212782057,Plant Density,20.5
76,Feed and forage balance,1000,0.141854705,Plant Density,20.5
76,Feed and forage balance,788.89,0.547915237,"Standing Biomass, Total",11.42
76,Feed and forage balance,545.83,0.009291483,Plant Density,19.5
76,Feed and forage balance,465.22,0.007589227,Plant Density,20.5
76,Feed and forage balance,450,0.138908088,"Standing Biomass, Total",11.42
76,Feed and forage balance,425,0.00723459,Plant Density,19.5
76,Feed and forage balance,400,0.006525316,Plant Density,20.5
76,Feed and forage balance,383.33,0.326265821,Plant Density,19.5
76,Feed and forage balance,204.35,0.362704453,"Standing Biomass, Total",7.42
76,Feed and forage balance,200,0.170225646,Plant Density,19.5
76,Feed and forage balance,200,0.028370941,Plant Density,20.5
76,Feed and forage balance,164.71,0.019859659,Plant Density,19.5
76,Feed and forage balance,160.87,0.002624312,Plant Density,20.5
76,Feed and forage balance,158.33,0.013476197,Plant Density,20.5
76,Feed and forage balance,141.18,0.017022565,Plant Density,19.5
76,Feed and forage balance,116.67,0.009929829,Plant Density,20.5
76,Feed and forage balance,111.76,0.013476197,Plant Density,19.5
76,Feed and forage balance,66.67,0.001134838,Plant Density,19.5
76,Feed and forage balance,64.71,0.007802009,Plant Density,19.5
76,Feed and forage balance,58.82,0.007092735,Plant Density,19.5
76,Feed and forage balance,50,0.007092735,Plant Density,20.5
76,Feed and forage balance,50,0.004255641,Plant Density,20.5
76,Feed and forage balance,50,0.000851128,Plant Density,19.5
76,Feed and forage balance,47,1.863194321,Percent Composition,11.42
76,Feed and forage balance,38,0.100868926,Plant Canopy Cover,7.42
76,Feed and forage balance,34.12,0.205689322,Plant Density,19.5
76,Feed and forage balance,33,1.308200268,Percent Composition,7.42
76,Feed and forage balance,33,0.087596698,Plant Canopy Cover,11.42
76,Feed and forage balance,25,0.002127821,Plant Density,20.5
76,Feed and forage balance,25,0.012519129,Plant Number,14
76,Feed and forage balance,22.35,0.13476197,Plant Density,19.5
76,Feed and forage balance,15,0.039816681,Plant Canopy Cover,11.42
76,Feed and forage balance,13.5,0.035835013,Plant Canopy Cover,20.5
76,Feed and forage balance,11.6,0.030791567,Plant Canopy Cover,20.5
76,Feed and forage balance,11.5,0.030526122,Plant Canopy Cover,20.5
76,Feed and forage balance,10.6,0.028137121,Plant Canopy Cover,19.5
76,Feed and forage balance,9.9,0.02627901,Plant Canopy Cover,20.5
76,Feed and forage balance,9,0.356781891,Percent Composition,11.42
76,Feed and forage balance,8.33,0.000709274,Plant Density,20.5
76,Feed and forage balance,7.6,0.020173785,Plant Canopy Cover,19.5
76,Feed and forage balance,7.6,0.020173785,Plant Canopy Cover,19.5
76,Feed and forage balance,6,0.015926672,Plant Canopy Cover,20.5
76,Feed and forage balance,4.9,0.013006783,Plant Canopy Cover,19.5
76,Feed and forage balance,4.8,0.012741338,Plant Canopy Cover,19.5
76,Feed and forage balance,4,0.158569729,Percent Composition,7.42
76,Feed and forage balance,3.8,0.010086893,Plant Canopy Cover,20.5
76,Feed and forage balance,3.5,0.009290559,Plant Canopy Cover,20.5
76,Feed and forage balance,2.8,0.007432447,Plant Canopy Cover,19.5
76,Feed and forage balance,2.4,0.006370669,Plant Canopy Cover,19.5
76,Feed and forage balance,2,0.005308891,Plant Canopy Cover,7.42
76,Feed and forage balance,1,0.002654445,Plant Canopy Cover,20.5
76,Feed and forage balance,1,0.002654445,Plant Canopy Cover,11.42
76,Feed and forage balance,0.5,0.020880879,Litter Cover,20.5
76,Feed and forage balance,0.4,0.001061778,Plant Canopy Cover,20.5
76,Feed and forage balance,0.1,0.000265445,Plant Canopy Cover,20.5
76,Feed and forage balance,0,0,Plant Canopy Cover,7.42
76,Feed and forage balance,0,0.03858558,"Standing Biomass, Total",7.42
76,Feed and forage balance,-0.2,-0.000530889,Plant Canopy Cover,19.5
76,Feed and forage balance,-0.5,-0.001327223,Plant Canopy Cover,19.5
76,Feed and forage balance,-0.55,-0.001459945,Plant Canopy Cover,20.5
76,Feed and forage balance,-0.7,-0.001858112,Plant Canopy Cover,19.5
76,Feed and forage balance,-0.9,-0.002389001,Plant Canopy Cover,19.5
76,Feed and forage balance,-1.5,-0.003981668,Plant Canopy Cover,19.5
76,Feed and forage balance,-1.7,-0.004512557,Plant Canopy Cover,20.5
76,Feed and forage balance,-2,-0.106176207,Plant Basal Cover,13
76,Feed and forage balance,-3,-0.007963336,Plant Canopy Cover,19.5
76,Feed and forage balance,-3.9,-0.010352337,Plant Canopy Cover,20.5
76,Feed and forage balance,-6.4,-0.339763862,Plant Basal Cover,13
76,Feed and forage balance,-6.7,-0.017784784,Plant Canopy Cover,20.5
76,Feed and forage balance,-7.58,-0.070927352,Plant Density,20.5
76,Feed and forage balance,-8.33,-0.078020088,Plant Density,20.5
76,Feed and forage balance,-9,-0.375855816,Litter Cover,20.5
76,Feed and forage balance,-9,-0.023890009,Plant Canopy Cover,20.5
76,Feed and forage balance,-10,-0.417617574,Litter Cover,20.5
76,Feed and forage balance,-12,-0.031853345,Plant Canopy Cover,11.42
76,Feed and forage balance,-13,-0.03450779,Plant Canopy Cover,19.5
76,Feed and forage balance,-13,-0.690145346,Plant Basal Cover,13
76,Feed and forage balance,-13.04,-0.000212782,Plant Density,20.5
76,Feed and forage balance,-13.5,-0.035835013,Plant Canopy Cover,19.5
76,Feed and forage balance,-15,-0.62642636,Litter Cover,19.5
76,Feed and forage balance,-16,-0.042471127,Plant Canopy Cover,7.42
76,Feed and forage balance,-16.67,-0.156040175,Plant Density,20.5
76,Feed and forage balance,-24.8,-1.316584967,Plant Basal Cover,13
76,Feed and forage balance,-25,-1.044043934,Litter Cover,19.5
76,Feed and forage balance,-26.67,-0.100153034,Plant Number,14
76,Feed and forage balance,-28,-1.169329206,Litter Cover,19.5
76,Feed and forage balance,-30,-0.004255641,Plant Density,20.5
76,Feed and forage balance,-33.33,-0.028370941,Plant Density,19.5
76,Feed and forage balance,-36,-1.427127565,Percent Composition,7.42
76,Feed and forage balance,-37.88,-0.354636762,Plant Density,20.5
76,Feed and forage balance,-40,-1.670470294,Litter Cover,19.5
76,Feed and forage balance,-40,-0.07717116,"Standing Biomass, Total",7.42
76,Feed and forage balance,-48,-2.004564353,Litter Cover,20.5
76,Feed and forage balance,-53,-2.21337314,Litter Cover,19.5
76,Feed and forage balance,-54.12,-0.326265821,Plant Density,19.5
76,Feed and forage balance,-56,-2.219976212,Percent Composition,11.42
76,Feed and forage balance,-60,-2.505705441,Litter Cover,19.5
76,Feed and forage balance,-62.12,-0.581604289,Plant Density,20.5
76,Feed and forage balance,-65.22,-0.11575674,"Standing Biomass, Total",11.42
76,Feed and forage balance,-67.58,-1.539852898,Plant Number,14
76,Feed and forage balance,-74.73,-3.517875319,Plant Number,14
76,Feed and forage balance,-75,-0.001276692,Plant Density,19.5
76,Feed and forage balance,-75,-0.112672163,Plant Number,14
76,Feed and forage balance,-78.26,-0.001276692,Plant Density,20.5
76,Feed and forage balance,-80,-0.482305996,Plant Density,19.5
76,Feed and forage balance,-87.06,-0.524862408,Plant Density,19.5
76,Feed and forage balance,-88.33,-0.075182994,Plant Density,19.5
76,Feed and forage balance,-95.95,-1.777716353,Plant Number,14
76,Feed and forage balance,141.98,1.423571686,"Standing Biomass, Live",3.75
76,Feed and forage balance,102.47,1.027447391,"Standing Biomass, Live",3.75
76,Feed and forage balance,97.53,0.977931854,"Standing Biomass, Live",3.75
76,Feed and forage balance,97.53,0.977931854,"Standing Biomass, Live",2.75
76,Feed and forage balance,72.84,0.73035417,"Standing Biomass, Live",2.75
76,Feed and forage balance,43.21,0.433260948,"Standing Biomass, Live",2.75
76,Feed and forage balance,18.52,0.185683263,"Standing Biomass, Live",1.75
76,Feed and forage balance,12,0.031853345,Plant Canopy Cover,3.75
76,Feed and forage balance,11.5,0.030526122,Plant Canopy Cover,3.75
76,Feed and forage balance,11.11,0.111409958,"Standing Biomass, Live",1.75
76,Feed and forage balance,10.5,0.027871677,Plant Canopy Cover,3.75
76,Feed and forage balance,4.5,0.011945004,Plant Canopy Cover,3.75
76,Feed and forage balance,0.6,0.001592667,Plant Canopy Cover,3.75
76,Feed and forage balance,0.5,0.001327223,Plant Canopy Cover,3.75
76,Feed and forage balance,-0.5,-0.001327223,Plant Canopy Cover,3.75
76,Feed and forage balance,-3,-0.007963336,Plant Canopy Cover,3.75
76,Feed and forage balance,-4,-0.010617782,Plant Canopy Cover,3.75
73,Plant productivity and health,3,0.125285272,Litter Cover,11
73,Plant productivity and health,2.8,0.007432447,Plant Canopy Cover,19.5
73,Plant productivity and health,2.4,0.006370669,Plant Canopy Cover,19.5
73,Plant productivity and health,2,0.005308891,Plant Canopy Cover,7.42
73,Plant productivity and health,1,0.002654445,Plant Canopy Cover,20.5
73,Plant productivity and health,1,0.002654445,Plant Canopy Cover,11.42
73,Plant productivity and health,1,0.041761757,Litter Cover,12
73,Plant productivity and health,1,0.041761757,Litter Cover,10
73,Plant productivity and health,0.5,0.020880879,Litter Cover,20.5
73,Plant productivity and health,0.4,0.001061778,Plant Canopy Cover,20.5
73,Plant productivity and health,0.1,0.000265445,Plant Canopy Cover,20.5
73,Plant productivity and health,0,0,Plant Canopy Cover,7.42
73,Plant productivity and health,0,0.003688222,Plant Density,1
73,Plant productivity and health,0,0.001702256,Plant Density,1
73,Plant productivity and health,0,0.001276692,Plant Density,0
73,Plant productivity and health,0,0,Plant Density,1
73,Plant productivity and health,0,0,Plant Density,0
73,Plant productivity and health,0,0.03858558,"Standing Biomass, Total",7.42
73,Plant productivity and health,-0.2,-0.000530889,Plant Canopy Cover,19.5
73,Plant productivity and health,-0.5,-0.001327223,Plant Canopy Cover,19.5
73,Plant productivity and health,-0.55,-0.001459945,Plant Canopy Cover,20.5
73,Plant productivity and health,-0.7,-0.001858112,Plant Canopy Cover,19.5
73,Plant productivity and health,-0.9,-0.002389001,Plant Canopy Cover,19.5
73,Plant productivity and health,-1,-0.041761757,Litter Cover,1
73,Plant productivity and health,-1,-0.041761757,Litter Cover,10
73,Plant productivity and health,-1,-0.041761757,Litter Cover,-1
73,Plant productivity and health,-1.5,-0.003981668,Plant Canopy Cover,19.5
73,Plant productivity and health,-1.7,-0.004512557,Plant Canopy Cover,20.5
73,Plant productivity and health,-2,-0.13681276,Plant Foliar Cover,11
73,Plant productivity and health,-2,-0.106176207,Plant Basal Cover,13
73,Plant productivity and health,-2,-0.083523515,Litter Cover,11
73,Plant productivity and health,-2,-0.083523515,Litter Cover,0
73,Plant productivity and health,-3,-0.007963336,Plant Canopy Cover,19.5
73,Plant productivity and health,-3.51,-0.054019812,"Standing Biomass, Total",11
73,Plant productivity and health,-3.9,-0.010352337,Plant Canopy Cover,20.5
73,Plant productivity and health,-4,-0.27362552,Plant Foliar Cover,11
73,Plant productivity and health,-4,-0.167047029,Litter Cover,12
73,Plant productivity and health,-6,-0.250570544,Litter Cover,21.67
73,Plant productivity and health,-6,-0.41043828,Plant Foliar Cover,11
73,Plant productivity and health,-6.4,-0.339763862,Plant Basal Cover,13
73,Plant productivity and health,-6.7,-0.017784784,Plant Canopy Cover,20.5
73,Plant productivity and health,-7,-0.47884466,Plant Foliar Cover,0
73,Plant productivity and health,-7.58,-0.070927352,Plant Density,20.5
73,Plant productivity and health,-8,-0.54725104,Plant Foliar Cover,12
73,Plant productivity and health,-8.33,-0.078020088,Plant Density,20.5
73,Plant productivity and health,-9,-0.375855816,Litter Cover,20.5
73,Plant productivity and health,-9,-0.023890009,Plant Canopy Cover,20.5
73,Plant productivity and health,-10,-0.417617574,Litter Cover,20.5
73,Plant productivity and health,-11,-0.75247018,Plant Foliar Cover,-1
73,Plant productivity and health,-12,-0.82087656,Plant Foliar Cover,1
73,Plant productivity and health,-12,-0.031853345,Plant Canopy Cover,11.42
73,Plant productivity and health,-12.91,-0.110299353,Plant Height,14
73,Plant productivity and health,-13,-0.03450779,Plant Canopy Cover,19.5
73,Plant productivity and health,-13,-0.690145346,Plant Basal Cover,13
73,Plant productivity and health,-13.04,-0.000212782,Plant Density,20.5
73,Plant productivity and health,-13.5,-0.035835013,Plant Canopy Cover,19.5
73,Plant productivity and health,-15,-0.62642636,Litter Cover,19.5
73,Plant productivity and health,-16,-0.042471127,Plant Canopy Cover,7.42
73,Plant productivity and health,-16.67,-0.156040175,Plant Density,20.5
73,Plant productivity and health,-18,-1.23131484,Plant Foliar Cover,10
73,Plant productivity and health,-18.42,-0.154419094,Plant Height,14
73,Plant productivity and health,-20,-1.3681276,Plant Foliar Cover,10
73,Plant productivity and health,-20,-0.000154342,"Standing Biomass, Total",21.67
73,Plant productivity and health,-21.68,-0.703800981,"Standing Biomass, Total",10
73,Plant productivity and health,-22.29,-0.532481005,"Standing Biomass, Total",12
73,Plant productivity and health,-23.77,-0.365791299,"Standing Biomass, Total",0
73,Plant productivity and health,-24.8,-1.316584967,Plant Basal Cover,13
73,Plant productivity and health,-25,-1.044043934,Litter Cover,19.5
73,Plant productivity and health,-26.67,-0.100153034,Plant Number,14
73,Plant productivity and health,-27.12,-0.379028686,Plant Height,14
73,Plant productivity and health,-28,-1.169329206,Litter Cover,19.5
73,Plant productivity and health,-30,-0.004255641,Plant Density,20.5
73,Plant productivity and health,-32.6,-0.501612541,"Standing Biomass, Total",11
73,Plant productivity and health,-33.33,-0.028370941,Plant Density,19.5
73,Plant productivity and health,-36,-1.427127565,Percent Composition,7.42
73,Plant productivity and health,-37.17,-0.589600179,Plant Height,14
73,Plant productivity and health,-37.88,-0.354636762,Plant Density,20.5
73,Plant productivity and health,-40,-1.670470294,Litter Cover,19.5
73,Plant productivity and health,-40,-0.07717116,"Standing Biomass, Total",7.42
73,Plant productivity and health,-42.17,-4.491253556,Plant Basal Cover,0
73,Plant productivity and health,-45,-0.001276692,Plant Density,1
73,Plant productivity and health,-46.41,-1.506381046,"Standing Biomass, Total",10
73,Plant productivity and health,-48,-2.004564353,Litter Cover,20.5
73,Plant productivity and health,-53,-2.21337314,Litter Cover,19.5
73,Plant productivity and health,-53.07,-1.722460295,"Standing Biomass, Total",10
73,Plant productivity and health,-54.12,-0.326265821,Plant Density,19.5
73,Plant productivity and health,-54.83,-1.779566953,"Standing Biomass, Total",-1
73,Plant productivity and health,-55.04,-1.314996569,"Standing Biomass, Total",12
73,Plant productivity and health,-56,-2.219976212,Percent Composition,11.42
73,Plant productivity and health,-60,-2.505705441,Litter Cover,19.5
73,Plant productivity and health,-62.12,-0.581604289,Plant Density,20.5
73,Plant productivity and health,-65.22,-0.11575674,"Standing Biomass, Total",11.42
73,Plant productivity and health,-65.96,-1.575835091,"Standing Biomass, Total",12
73,Plant productivity and health,-67.58,-1.539852898,Plant Number,14
73,Plant productivity and health,-70,-0.001985966,Plant Density,1
73,Plant productivity and health,-70.79,-3.7957994,Plant Basal Cover,1
73,Plant productivity and health,-74.32,-1.143676594,"Standing Biomass, Total",11
73,Plant productivity and health,-74.73,-3.517875319,Plant Number,14
73,Plant productivity and health,-75,-0.001276692,Plant Density,19.5
73,Plant productivity and health,-75,-0.112672163,Plant Number,14
73,Plant productivity and health,-77.33,-1.847477574,"Standing Biomass, Total",1
73,Plant productivity and health,-78.26,-0.001276692,Plant Density,20.5
73,Plant productivity and health,-80,-0.482305996,Plant Density,19.5
73,Plant productivity and health,-80,-0.002269675,Plant Density,1
73,Plant productivity and health,-80.16,-8.536567043,Plant Basal Cover,0
73,Plant productivity and health,-83.33,-0.012347386,"Standing Biomass, Total",21.67
73,Plant productivity and health,-87.06,-0.524862408,Plant Density,19.5
73,Plant productivity and health,-88.33,-0.075182994,Plant Density,19.5
73,Plant productivity and health,-92.08,-4.937193626,Plant Basal Cover,1
73,Plant productivity and health,-95.95,-1.777716353,Plant Number,14
73,Plant productivity and health,-96.83,-5.192016523,Plant Basal Cover,1
73,Plant productivity and health,-99.05,-10.54860617,Plant Basal Cover,0
73,Plant productivity and health,188.89,0.00241153,Plant Density,1
73,Plant productivity and health,141.98,1.423571686,"Standing Biomass, Live",3.75
73,Plant productivity and health,102.47,1.027447391,"Standing Biomass, Live",3.75
73,Plant productivity and health,97.53,0.977931854,"Standing Biomass, Live",3.75
73,Plant productivity and health,97.53,0.977931854,"Standing Biomass, Live",2.75
73,Plant productivity and health,72.84,0.73035417,"Standing Biomass, Live",2.75
73,Plant productivity and health,68.42,0.069014535,Plant Basal Cover,1
73,Plant productivity and health,43.21,0.433260948,"Standing Biomass, Live",2.75
73,Plant productivity and health,31,2.120597781,Plant Foliar Cover,1
73,Plant productivity and health,18.52,0.185683263,"Standing Biomass, Live",1.75
73,Plant productivity and health,12,0.031853345,Plant Canopy Cover,3.75
73,Plant productivity and health,11.5,0.030526122,Plant Canopy Cover,3.75
73,Plant productivity and health,11.11,0.111409958,"Standing Biomass, Live",1.75
73,Plant productivity and health,10.5,0.027871677,Plant Canopy Cover,3.75
73,Plant productivity and health,4.5,0.011945004,Plant Canopy Cover,3.75
73,Plant productivity and health,3,0.125285272,Litter Cover,1
73,Plant productivity and health,2,0.083523515,Litter Cover,1
73,Plant productivity and health,0.6,0.001592667,Plant Canopy Cover,3.75
73,Plant productivity and health,0.5,0.001327223,Plant Canopy Cover,3.75
73,Plant productivity and health,0,0,Plant Density,1
73,Plant productivity and health,-0.5,-0.001327223,Plant Canopy Cover,3.75
73,Plant productivity and health,-1,-0.041761757,Litter Cover,0
73,Plant productivity and health,-3,-0.007963336,Plant Canopy Cover,3.75
73,Plant productivity and health,-4,-0.010617782,Plant Canopy Cover,3.75
73,Plant productivity and health,-5,-0.3420319,Plant Foliar Cover,1
73,Plant productivity and health,-5,-0.013272227,Plant Canopy Cover,3.75
73,Plant productivity and health,-5,-0.013272227,Plant Canopy Cover,3.75
73,Plant productivity and health,-8.9,-0.023624564,Plant Canopy Cover,3.75
73,Plant productivity and health,-9.5,-0.025217231,Plant Canopy Cover,3.75
73,Plant productivity and health,-10,-0.026544454,Plant Canopy Cover,3.75
73,Plant productivity and health,-12.5,-0.033180568,Plant Canopy Cover,3.75
73,Plant productivity and health,-20,-0.293250409,"Standing Biomass, Total",0
73,Plant productivity and health,-25.93,-0.259956569,"Standing Biomass, Live",1.75
73,Plant productivity and health,-36,-2.462629681,Plant Foliar Cover,0
73,Plant productivity and health,-53.09,-0.532292022,"Standing Biomass, Live",0.75
73,Plant productivity and health,-53.82,-0.63126009,"Standing Biomass, Total",1
73,Plant productivity and health,-63.05,-0.924510499,"Standing Biomass, Total",1
73,Plant productivity and health,-74.57,-4.592120953,Plant Basal Cover,1
73,Plant productivity and health,-79.9,-1.688201691,Plant Basal Cover,1
73,Plant productivity and health,1500,0.212782057,Plant Density,20.5
73,Plant productivity and health,1000,0.141854705,Plant Density,20.5
73,Plant productivity and health,788.89,0.547915237,"Standing Biomass, Total",11.42
73,Plant productivity and health,750,0.008511282,Plant Density,1
73,Plant productivity and health,725,0.008227573,Plant Density,1
73,Plant productivity and health,597.67,1.36436426,Plant Basal Cover,1
73,Plant productivity and health,545.83,0.009291483,Plant Density,19.5
73,Plant productivity and health,539.53,1.231644001,Plant Basal Cover,1
73,Plant productivity and health,475,0.005390479,Plant Density,1
73,Plant productivity and health,465.22,0.007589227,Plant Density,20.5
73,Plant productivity and health,450,0.138908088,"Standing Biomass, Total",11.42
73,Plant productivity and health,432.1,0.054019812,"Standing Biomass, Total",21.67
73,Plant productivity and health,425,0.00723459,Plant Density,19.5
73,Plant productivity and health,400,0.006525316,Plant Density,20.5
73,Plant productivity and health,383.33,0.326265821,Plant Density,19.5
73,Plant productivity and health,288.37,0.658292483,Plant Basal Cover,1
73,Plant productivity and health,204.35,0.362704453,"Standing Biomass, Total",7.42
73,Plant productivity and health,200,0.170225646,Plant Density,19.5
73,Plant productivity and health,200,0.028370941,Plant Density,20.5
73,Plant productivity and health,164.89,0.047846119,"Standing Biomass, Total",21.67
73,Plant productivity and health,164.71,0.019859659,Plant Density,19.5
73,Plant productivity and health,160.87,0.002624312,Plant Density,20.5
73,Plant productivity and health,158.33,0.013476197,Plant Density,20.5
73,Plant productivity and health,141.18,0.017022565,Plant Density,19.5
73,Plant productivity and health,116.67,0.009929829,Plant Density,20.5
73,Plant productivity and health,111.76,0.013476197,Plant Density,19.5
73,Plant productivity and health,66.67,0.001134838,Plant Density,19.5
73,Plant productivity and health,64.71,0.007802009,Plant Density,19.5
73,Plant productivity and health,61,2.682989451,Bare Ground,19.5
73,Plant productivity and health,58.82,0.007092735,Plant Density,19.5
73,Plant productivity and health,55,2.419088849,Bare Ground,19.5
73,Plant productivity and health,50,0.007092735,Plant Density,20.5
73,Plant productivity and health,50,0.004255641,Plant Density,20.5
73,Plant productivity and health,50,0.000851128,Plant Density,19.5
73,Plant productivity and health,47,1.863194321,Percent Composition,11.42
73,Plant productivity and health,44,1.935271079,Bare Ground,20.5
73,Plant productivity and health,40,1.759337345,Bare Ground,20.5
73,Plant productivity and health,38,0.100868926,Plant Canopy Cover,7.42
73,Plant productivity and health,34.12,0.205689322,Plant Density,19.5
73,Plant productivity and health,33,1.308200268,Percent Composition,7.42
73,Plant productivity and health,33,0.087596698,Plant Canopy Cover,11.42
73,Plant productivity and health,25,0.002127821,Plant Density,20.5
73,Plant productivity and health,25,1.099585841,Bare Ground,19.5
73,Plant productivity and health,25,0.012519129,Plant Number,14
73,Plant productivity and health,22.35,0.13476197,Plant Density,19.5
73,Plant productivity and health,21,0.923652106,Bare Ground,19.5
73,Plant productivity and health,19,1.29972122,Plant Foliar Cover,12
73,Plant productivity and health,18,0.791701805,Bare Ground,19.5
73,Plant productivity and health,15,0.039816681,Plant Canopy Cover,11.42
73,Plant productivity and health,13.58,0.559518537,Plant Height,14
73,Plant productivity and health,13.5,0.035835013,Plant Canopy Cover,20.5
73,Plant productivity and health,11.6,0.030791567,Plant Canopy Cover,20.5
73,Plant productivity and health,11.5,0.030526122,Plant Canopy Cover,20.5
73,Plant productivity and health,10.6,0.028137121,Plant Canopy Cover,19.5
73,Plant productivity and health,9.9,0.02627901,Plant Canopy Cover,20.5
73,Plant productivity and health,9,0.61565742,Plant Foliar Cover,12
73,Plant productivity and health,9,0.356781891,Percent Composition,11.42
73,Plant productivity and health,9,0.395850903,Bare Ground,20.5
73,Plant productivity and health,8.33,0.000709274,Plant Density,20.5
73,Plant productivity and health,7.6,0.020173785,Plant Canopy Cover,19.5
73,Plant productivity and health,7.6,0.020173785,Plant Canopy Cover,19.5
73,Plant productivity and health,6,0.015926672,Plant Canopy Cover,20.5
73,Plant productivity and health,6,0.263900602,Bare Ground,20.5
73,Plant productivity and health,4.9,0.013006783,Plant Canopy Cover,19.5
73,Plant productivity and health,4.8,0.012741338,Plant Canopy Cover,19.5
73,Plant productivity and health,4,0.158569729,Percent Composition,7.42
73,Plant productivity and health,4,0.175933734,Bare Ground,20.5
73,Plant productivity and health,3.8,0.010086893,Plant Canopy Cover,20.5
73,Plant productivity and health,3.5,0.009290559,Plant Canopy Cover,20.5
73,Plant productivity and health,3,0.20521914,Plant Foliar Cover,10
74,Plant structure and composition,-15.89,-0.003404513,Plant Density,18
74,Plant structure and composition,-16,-0.042471127,Plant Canopy Cover,7.42
74,Plant structure and composition,-16.67,-0.156040175,Plant Density,20.5
74,Plant structure and composition,-16.67,-0.000709274,Plant Density,43
74,Plant structure and composition,-16.67,-0.000141855,Plant Density,40
74,Plant structure and composition,-18.18,-0.001418547,Plant Density,15
74,Plant structure and composition,-18.37,-0.000127669,Plant Density,18
74,Plant structure and composition,-18.42,-0.154419094,Plant Height,14
74,Plant structure and composition,-19,-0.96864951,Bare Ground and Rock,7.42
74,Plant structure and composition,-21.57,-0.001560402,Plant Density,27
74,Plant structure and composition,-22.22,-0.000141855,Plant Density,15
74,Plant structure and composition,-23.08,-0.000425564,Plant Density,15
74,Plant structure and composition,-24.8,-1.316584967,Plant Basal Cover,13
74,Plant structure and composition,-25,-1.044043934,Litter Cover,19.5
74,Plant structure and composition,-26.47,-0.000638346,Plant Density,37
74,Plant structure and composition,-26.67,-0.100153034,Plant Number,14
74,Plant structure and composition,-27,-1.376501935,Bare Ground and Rock,11.42
74,Plant structure and composition,-27.12,-0.379028686,Plant Height,14
74,Plant structure and composition,-28,-1.169329206,Litter Cover,19.5
74,Plant structure and composition,-28.57,-0.002837094,Plant Density,20
74,Plant structure and composition,-30,-0.004255641,Plant Density,20.5
74,Plant structure and composition,-33.33,-0.028370941,Plant Density,19.5
74,Plant structure and composition,-35.71,-0.000354637,Plant Density,20
74,Plant structure and composition,-36,-1.427127565,Percent Composition,7.42
74,Plant structure and composition,-37.17,-0.589600179,Plant Height,14
74,Plant structure and composition,-37.88,-0.354636762,Plant Density,20.5
74,Plant structure and composition,-40,-1.670470294,Litter Cover,19.5
74,Plant structure and composition,-40,-0.07717116,"Standing Biomass, Total",7.42
74,Plant structure and composition,-42.86,-0.002127821,Plant Density,37
74,Plant structure and composition,-45.83,-0.007802009,Plant Density,34
74,Plant structure and composition,-48,-2.004564353,Litter Cover,20.5
74,Plant structure and composition,-50,-0.002837094,Plant Density,24
74,Plant structure and composition,-51.25,-0.005816043,Plant Density,34
74,Plant structure and composition,-53,-2.21337314,Litter Cover,19.5
74,Plant structure and composition,-54.12,-0.326265821,Plant Density,19.5
74,Plant structure and composition,-56,-2.219976212,Percent Composition,11.42
74,Plant structure and composition,-59.68,-0.000524862,Plant Density,24
74,Plant structure and composition,-60,-2.505705441,Litter Cover,19.5
74,Plant structure and composition,-62.12,-0.581604289,Plant Density,20.5
74,Plant structure and composition,-62.61,-0.001021354,Plant Density,37
74,Plant structure and composition,-64.29,-0.000638346,Plant Density,43
74,Plant structure and composition,-65.22,-0.11575674,"Standing Biomass, Total",11.42
74,Plant structure and composition,-66.67,-0.000709274,Plant Density,40
74,Plant structure and composition,-67.58,-1.539852898,Plant Number,14
74,Plant structure and composition,-74.73,-3.517875319,Plant Number,14
74,Plant structure and composition,-75,-0.001276692,Plant Density,19.5
74,Plant structure and composition,-75,-0.112672163,Plant Number,14
74,Plant structure and composition,-78.26,-0.001276692,Plant Density,20.5
74,Plant structure and composition,-80,-0.482305996,Plant Density,19.5
74,Plant structure and composition,-83.33,-0.000354637,Plant Density,34
74,Plant structure and composition,-87.06,-0.524862408,Plant Density,19.5
74,Plant structure and composition,-88.33,-0.075182994,Plant Density,19.5
74,Plant structure and composition,-90,-0.000638346,Plant Density,46
74,Plant structure and composition,-91.67,-0.000780201,Plant Density,27
74,Plant structure and composition,-95.95,-1.777716353,Plant Number,14
74,Plant structure and composition,141.98,1.423571686,"Standing Biomass, Live",3.75
74,Plant structure and composition,102.47,1.027447391,"Standing Biomass, Live",3.75
74,Plant structure and composition,97.53,0.977931854,"Standing Biomass, Live",3.75
74,Plant structure and composition,97.53,0.977931854,"Standing Biomass, Live",2.75
74,Plant structure and composition,72.84,0.73035417,"Standing Biomass, Live",2.75
74,Plant structure and composition,43.21,0.433260948,"Standing Biomass, Live",2.75
74,Plant structure and composition,41.67,1.773183809,Plant Density,3.75
74,Plant structure and composition,18.52,0.185683263,"Standing Biomass, Live",1.75
74,Plant structure and composition,14.5,2.965403287,Foliar Cover,27
74,Plant structure and composition,12,0.031853345,Plant Canopy Cover,3.75
74,Plant structure and composition,11.5,0.030526122,Plant Canopy Cover,3.75
74,Plant structure and composition,11.25,2.30074393,Foliar Cover,9
74,Plant structure and composition,11.11,0.111409958,"Standing Biomass, Live",1.75
74,Plant structure and composition,10.5,0.027871677,Plant Canopy Cover,3.75
74,Plant structure and composition,10,2.045105715,Foliar Cover,37
74,Plant structure and composition,8,1.636084572,Foliar Cover,34
74,Plant structure and composition,7.5,1.533829287,Foliar Cover,25
74,Plant structure and composition,6.25,0.354636762,Plant Density,3.75
74,Plant structure and composition,4.5,0.011945004,Plant Canopy Cover,3.75
74,Plant structure and composition,4.25,0.869169929,Foliar Cover,8
74,Plant structure and composition,3.5,0.715787,Foliar Cover,20
74,Plant structure and composition,3.5,0.715787,Foliar Cover,7
74,Plant structure and composition,3.33,0.141854705,Plant Density,3.75
74,Plant structure and composition,2.65,0.140683474,Plant Basal Cover,34
74,Plant structure and composition,2.5,0.511276429,Foliar Cover,6
74,Plant structure and composition,2,0.409021143,Foliar Cover,46
74,Plant structure and composition,2,0.409021143,Foliar Cover,1
74,Plant structure and composition,1.5,0.306765857,Foliar Cover,43
74,Plant structure and composition,1.5,0.306765857,Foliar Cover,43
74,Plant structure and composition,1.5,0.306765857,Foliar Cover,3
74,Plant structure and composition,1.35,0.07166894,Plant Basal Cover,37
74,Plant structure and composition,0.95,0.050433698,Plant Basal Cover,43
74,Plant structure and composition,0.6,0.001592667,Plant Canopy Cover,3.75
74,Plant structure and composition,0.6,0.031852862,Plant Basal Cover,40
74,Plant structure and composition,0.5,0.001327223,Plant Canopy Cover,3.75
74,Plant structure and composition,0.5,0.102255286,Foliar Cover,40
74,Plant structure and composition,0.5,0.102255286,Foliar Cover,5
74,Plant structure and composition,0.45,0.023889647,Plant Basal Cover,46
74,Plant structure and composition,0.45,0.023889647,Plant Basal Cover,27
74,Plant structure and composition,0.25,0.013272026,Plant Basal Cover,13
74,Plant structure and composition,0.25,0.051127643,Foliar Cover,40
74,Plant structure and composition,0.15,0.007963216,Plant Basal Cover,1
74,Plant structure and composition,0.1,0.020451057,Foliar Cover,18
74,Plant structure and composition,0,0,Plant Basal Cover,2
74,Plant structure and composition,0,0,Foliar Cover,34
74,Plant structure and composition,0,0,Foliar Cover,13
74,Plant structure and composition,-0.05,-0.002654405,Plant Basal Cover,8
74,Plant structure and composition,-0.05,-0.002654405,Plant Basal Cover,4
74,Plant structure and composition,-0.08,-0.003981608,Plant Basal Cover,7
74,Plant structure and composition,-0.1,-0.00530881,Plant Basal Cover,9
74,Plant structure and composition,-0.1,-0.00530881,Plant Basal Cover,6
74,Plant structure and composition,-0.1,-0.00530881,Plant Basal Cover,5
74,Plant structure and composition,-0.1,-0.00530881,Plant Basal Cover,3
74,Plant structure and composition,-0.25,-0.051127643,Foliar Cover,37
74,Plant structure and composition,-0.5,-0.001327223,Plant Canopy Cover,3.75
74,Plant structure and composition,-1,-0.204510572,Foliar Cover,4
74,Plant structure and composition,-1.5,-0.306765857,Foliar Cover,46
74,Plant structure and composition,-1.5,-0.306765857,Foliar Cover,2
74,Plant structure and composition,-2,-0.409021143,Foliar Cover,1
74,Plant structure and composition,-2.5,-0.511276429,Foliar Cover,27
74,Plant structure and composition,-2.7,-0.552178543,Foliar Cover,25
74,Plant structure and composition,-2.75,-0.562404072,Foliar Cover,20
74,Plant structure and composition,-3,-0.007963336,Plant Canopy Cover,3.75
74,Plant structure and composition,-3,-0.613531715,Foliar Cover,18
74,Plant structure and composition,-3,-0.613531715,Foliar Cover,13
74,Plant structure and composition,-3,-0.613531715,Foliar Cover,9
74,Plant structure and composition,-3,-0.613531715,Foliar Cover,8
74,Plant structure and composition,-3,-0.613531715,Foliar Cover,7
74,Plant structure and composition,-3,-0.613531715,Foliar Cover,6
74,Plant structure and composition,-3,-0.613531715,Foliar Cover,5
74,Plant structure and composition,-3,-0.613531715,Foliar Cover,4
74,Plant structure and composition,-3,-0.613531715,Foliar Cover,3
74,Plant structure and composition,-3,-0.613531715,Foliar Cover,2
74,Plant structure and composition,-4,-0.010617782,Plant Canopy Cover,3.75
74,Plant structure and composition,-5,-0.013272227,Plant Canopy Cover,3.75
74,Plant structure and composition,-5,-0.013272227,Plant Canopy Cover,3.75
74,Plant structure and composition,-8.9,-0.023624564,Plant Canopy Cover,3.75
74,Plant structure and composition,-9.5,-0.025217231,Plant Canopy Cover,3.75
74,Plant structure and composition,-10,-0.026544454,Plant Canopy Cover,3.75
74,Plant structure and composition,-12.5,-0.033180568,Plant Canopy Cover,3.75
74,Plant structure and composition,-12.68,-0.638346171,Plant Density,3.75
74,Plant structure and composition,-20.69,-0.851128229,Plant Density,3.75
74,Plant structure and composition,-25.93,-0.259956569,"Standing Biomass, Live",1.75
74,Plant structure and composition,-38.67,-2.056893219,Plant Density,3.75
74,Plant structure and composition,-44.45,-0.26597543,Plant Canopy Cover,1
74,Plant structure and composition,-53.09,-0.532292022,"Standing Biomass, Live",0.75
74,Plant structure and composition,-84.48,-3.475440266,Plant Density,3.75
74,Plant structure and composition,-88,-4.681205257,Plant Density,3.75
74,Plant structure and composition,-90,-3.830077028,Plant Density,3.75
74,Plant structure and composition,-91.67,-3.901004381,Plant Density,3.75
74,Plant structure and composition,-92.5,-5.248624076,Plant Density,3.75
74,Plant structure and composition,-92.96,-4.681205257,Plant Density,3.75
74,Plant structure and composition,-94.29,-0.868534538,Plant Canopy Cover,1
74,Plant structure and composition,-100,-0.019112007,Plant Canopy Cover,1
74,Plant structure and composition,1500,0.212782057,Plant Density,20.5
74,Plant structure and composition,1000,0.141854705,Plant Density,20.5
74,Plant structure and composition,788.89,0.547915237,"Standing Biomass, Total",11.42
74,Plant structure and composition,545.83,0.009291483,Plant Density,19.5
74,Plant structure and composition,465.22,0.007589227,Plant Density,20.5
74,Plant structure and composition,450,0.138908088,"Standing Biomass, Total",11.42
74,Plant structure and composition,425,0.00723459,Plant Density,19.5
74,Plant structure and composition,400,0.006525316,Plant Density,20.5
74,Plant structure and composition,383.33,0.326265821,Plant Density,19.5
74,Plant structure and composition,250,0.01418547,Plant Density,34
74,Plant structure and composition,204.35,0.362704453,"Standing Biomass, Total",7.42
74,Plant structure and composition,200,0.170225646,Plant Density,19.5
74,Plant structure and composition,200,0.028370941,Plant Density,20.5
74,Plant structure and composition,172.22,0.004397496,Plant Density,24
74,Plant structure and composition,164.71,0.019859659,Plant Density,19.5
74,Plant structure and composition,160.87,0.002624312,Plant Density,20.5
74,Plant structure and composition,158.33,0.013476197,Plant Density,20.5
74,Plant structure and composition,150,0.001276692,Plant Density,46
74,Plant structure and composition,141.18,0.017022565,Plant Density,19.5
74,Plant structure and composition,133.33,0.002837094,Plant Density,43
74,Plant structure and composition,128.57,0.006383462,Plant Density,37
74,Plant structure and composition,116.67,0.009929829,Plant Density,20.5
74,Plant structure and composition,111.76,0.013476197,Plant Density,19.5
74,Plant structure and composition,100,0.001702256,Plant Density,24
74,Plant structure and composition,88.64,0.005532333,Plant Density,15
74,Plant structure and composition,87.5,0.009929829,Plant Density,46
74,Plant structure and composition,80,0.000567419,Plant Density,40
74,Plant structure and composition,78.57,0.007802009,Plant Density,40
74,Plant structure and composition,77.27,0.00241153,Plant Density,18
74,Plant structure and composition,77.14,0.003830077,Plant Density,20
74,Plant structure and composition,71.43,0.001418547,Plant Density,20
74,Plant structure and composition,66.67,0.004255641,Plant Density,43
74,Plant structure and composition,66.67,0.001418547,Plant Density,27
74,Plant structure and composition,66.67,0.001134838,Plant Density,19.5
74,Plant structure and composition,64.71,0.007802009,Plant Density,19.5
74,Plant structure and composition,61,2.682989451,Bare Ground,19.5
74,Plant structure and composition,58.82,0.007092735,Plant Density,19.5
74,Plant structure and composition,55,2.419088849,Bare Ground,19.5
74,Plant structure and composition,50,0.007092735,Plant Density,20.5
74,Plant structure and composition,50,0.004255641,Plant Density,20.5
74,Plant structure and composition,50,0.002127821,Plant Density,27
74,Plant structure and composition,50,0.000851128,Plant Density,19.5
74,Plant structure and composition,47,1.863194321,Percent Composition,11.42
74,Plant structure and composition,44,1.935271079,Bare Ground,20.5
74,Plant structure and composition,40,1.759337345,Bare Ground,20.5
74,Plant structure and composition,38,0.100868926,Plant Canopy Cover,7.42
74,Plant structure and composition,34.12,0.205689322,Plant Density,19.5
74,Plant structure and composition,33,1.308200268,Percent Composition,7.42
74,Plant structure and composition,33,0.087596698,Plant Canopy Cover,11.42
74,Plant structure and composition,31.25,0.003546368,Plant Density,24
74,Plant structure and composition,30,0.002127821,Plant Density,43
74,Plant structure and composition,27,1.84697226,Plant Foliar Cover,21.67
74,Plant structure and composition,25,0.002127821,Plant Density,20.5
74,Plant structure and composition,25,1.099585841,Bare Ground,19.5
74,Plant structure and composition,25,0.012519129,Plant Number,14
74,Plant structure and composition,22.35,0.13476197,Plant Density,19.5
74,Plant structure and composition,21,0.923652106,Bare Ground,19.5
74,Plant structure and composition,19,1.29972122,Plant Foliar Cover,21.67
74,Plant structure and composition,18.18,0.001418547,Plant Density,46
74,Plant structure and composition,18,0.791701805,Bare Ground,19.5
74,Plant structure and composition,16.13,0.001773184,Plant Density,46
74,Plant structure and composition,15,0.039816681,Plant Canopy Cover,11.42
74,Plant structure and composition,13.58,0.559518537,Plant Height,14
74,Plant structure and composition,13.5,0.035835013,Plant Canopy Cover,20.5
74,Plant structure and composition,11.6,0.030791567,Plant Canopy Cover,20.5
74,Plant structure and composition,11.54,0.002127821,Plant Density,15
74,Plant structure and composition,11.5,0.030526122,Plant Canopy Cover,20.5
74,Plant structure and composition,10.6,0.028137121,Plant Canopy Cover,19.5
74,Plant structure and composition,9.9,0.02627901,Plant Canopy Cover,20.5
74,Plant structure and composition,9,0.356781891,Percent Composition,11.42
74,Plant structure and composition,9,0.395850903,Bare Ground,20.5
74,Plant structure and composition,8.7,0.001418547,Plant Density,27
74,Plant structure and composition,8.57,0.000212782,Plant Density,37
74,Plant structure and composition,8.33,0.000709274,Plant Density,20.5
74,Plant structure and composition,7.6,0.020173785,Plant Canopy Cover,19.5
74,Plant structure and composition,7.6,0.020173785,Plant Canopy Cover,19.5
74,Plant structure and composition,7.14,0.001418547,Plant Density,20
74,Plant structure and composition,7,1.431574001,Foliar Cover,37
74,Plant structure and composition,6,0.015926672,Plant Canopy Cover,20.5
74,Plant structure and composition,6,0.263900602,Bare Ground,20.5
74,Plant structure and composition,4.9,0.013006783,Plant Canopy Cover,19.5
74,Plant structure and composition,4.8,0.012741338,Plant Canopy Cover,19.5
74,Plant structure and composition,4,0.158569729,Percent Composition,7.42
74,Plant structure and composition,4,0.175933734,Bare Ground,20.5
74,Plant structure and composition,3.8,0.010086893,Plant Canopy Cover,20.5
74,Plant structure and composition,3.5,0.009290559,Plant Canopy Cover,20.5
74,Plant structure and composition,2.8,0.007432447,Plant Canopy Cover,19.5
74,Plant structure and composition,2.5,0.511276429,Foliar Cover,34
74,Plant structure and composition,2.4,0.006370669,Plant Canopy Cover,19.5
74,Plant structure and composition,2,0.005308891,Plant Canopy Cover,7.42
74,Plant structure and composition,1,0.002654445,Plant Canopy Cover,20.5
74,Plant structure and composition,1,0.002654445,Plant Canopy Cover,11.42
74,Plant structure and composition,1,0.053088104,Plant Basal Cover,37
74,Plant structure and composition,1,0.204510572,Foliar Cover,43
74,Plant structure and composition,1,0.06840638,Plant Foliar Cover,21.67
74,Plant structure and composition,0.9,0.047779293,Plant Basal Cover,34
74,Plant structure and composition,0.9,0.047779293,Plant Basal Cover,40
74,Plant structure and composition,0.6,0.031852862,Plant Basal Cover,34
74,Plant structure and composition,0.5,0.020880879,Litter Cover,20.5
74,Plant structure and composition,0.5,0.102255286,Foliar Cover,3
74,Plant structure and composition,0.4,0.001061778,Plant Canopy Cover,20.5
74,Plant structure and composition,0.3,0.015926431,Plant Basal Cover,27
74,Plant structure and composition,0.25,0.051127643,Foliar Cover,9
74,Plant structure and composition,0.25,0.013272026,Plant Basal Cover,46
74,Plant structure and composition,0.2,0.010617621,Plant Basal Cover,46
74,Plant structure and composition,0.15,0.007963216,Plant Basal Cover,43
74,Plant structure and composition,0.1,0.000265445,Plant Canopy Cover,20.5
74,Plant structure and composition,0.1,0.00530881,Plant Basal Cover,1
74,Plant structure and composition,0,0,Foliar Cover,27
74,Plant structure and composition,0,0,Foliar Cover,25
74,Plant structure and composition,0,0.921092557,Plant Canopy Cover,0
74,Plant structure and composition,0,0.598311995,Plant Canopy Cover,0
74,Plant structure and composition,0,0.332336565,Plant Canopy Cover,1
74,Plant structure and composition,0,0,Foliar Cover,20
74,Plant structure and composition,0,0,Foliar Cover,7
74,Plant structure and composition,0,0.052558019,Plant Canopy Cover,1
74,Plant structure and composition,0,0.019112007,Plant Canopy Cover,0
74,Plant structure and composition,0,0,Plant Canopy Cover,7.42
74,Plant structure and composition,0,0,Plant Canopy Cover,1
74,Plant structure and composition,0,0,Foliar Cover,6
74,Plant structure and composition,0,0,Foliar Cover,1
74,Plant structure and composition,0,0,Plant Foliar Cover,21.67
74,Plant structure and composition,0,0,Plant Density,34
74,Plant structure and composition,0,0.000709274,Plant Density,27
74,Plant structure and composition,0,0,Plant Density,43
74,Plant structure and composition,0,0.000425564,Plant Density,24
74,Plant structure and composition,0,0,Plant Density,46
74,Plant structure and composition,0,0.000283709,Plant Density,20
74,Plant structure and composition,0,0,Plant Density,18
74,Plant structure and composition,0,0.03858558,"Standing Biomass, Total",7.42
74,Plant structure and composition,0,0,Plant Basal Cover,37
74,Plant structure and composition,0,0,Plant Basal Cover,13
74,Plant structure and composition,0,0,Plant Basal Cover,2
74,Plant structure and composition,0,0,Plant Basal Cover,0
74,Plant structure and composition,0,0,Plant Basal Cover,8
74,Plant structure and composition,0,0,Plant Basal Cover,4
74,Plant structure and composition,0,0,Plant Basal Cover,7
74,Plant structure and composition,0,0,Plant Basal Cover,9
74,Plant structure and composition,0,0,Plant Basal Cover,6
74,Plant structure and composition,0,0,Plant Basal Cover,5
74,Plant structure and composition,0,0,Plant Basal Cover,3
74,Plant structure and composition,0,0,Foliar Cover,40
74,Plant structure and composition,0,0,Foliar Cover,5
74,Plant structure and composition,0,0,Foliar Cover,18
74,Plant structure and composition,0,0,Foliar Cover,13
74,Plant structure and composition,0,0,Foliar Cover,0
74,Plant structure and composition,-0.15,-0.007963216,Plant Basal Cover,40
74,Plant structure and composition,-0.2,-0.000530889,Plant Canopy Cover,19.5
74,Plant structure and composition,-0.25,-0.051127643,Foliar Cover,8
74,Plant structure and composition,-0.5,-0.001327223,Plant Canopy Cover,19.5
74,Plant structure and composition,-0.5,-0.102255286,Foliar Cover,4
74,Plant structure and composition,-0.5,-0.102255286,Foliar Cover,2
74,Plant structure and composition,-0.55,-0.001459945,Plant Canopy Cover,20.5
74,Plant structure and composition,-0.7,-0.001858112,Plant Canopy Cover,19.5
74,Plant structure and composition,-0.9,-0.002389001,Plant Canopy Cover,19.5
74,Plant structure and composition,-1.25,-0.255638214,Foliar Cover,46
74,Plant structure and composition,-1.5,-0.003981668,Plant Canopy Cover,19.5
74,Plant structure and composition,-1.7,-0.004512557,Plant Canopy Cover,20.5
74,Plant structure and composition,-2,-0.106176207,Plant Basal Cover,13
74,Plant structure and composition,-3,-0.007963336,Plant Canopy Cover,19.5
74,Plant structure and composition,-3.9,-0.010352337,Plant Canopy Cover,20.5
74,Plant structure and composition,-5,-0.208808787,Litter Cover,7.42
74,Plant structure and composition,-5.5,-1.124808143,Foliar Cover,0
74,Plant structure and composition,-6.4,-0.339763862,Plant Basal Cover,13
74,Plant structure and composition,-6.7,-0.017784784,Plant Canopy Cover,20.5
74,Plant structure and composition,-7,-1.431574001,Foliar Cover,3
74,Plant structure and composition,-7.5,-0.002127821,Plant Density,18
74,Plant structure and composition,-7.5,-1.533829287,Foliar Cover,13
74,Plant structure and composition,-7.5,-1.533829287,Foliar Cover,6
74,Plant structure and composition,-7.5,-1.533829287,Foliar Cover,2
74,Plant structure and composition,-7.58,-0.070927352,Plant Density,20.5
74,Plant structure and composition,-7.69,-0.000709274,Plant Density,40
74,Plant structure and composition,-7.75,-1.584956929,Foliar Cover,5
74,Plant structure and composition,-8,-1.636084572,Foliar Cover,46
74,Plant structure and composition,-8,-1.636084572,Foliar Cover,1
74,Plant structure and composition,-8,-1.636084572,Foliar Cover,18
74,Plant structure and composition,-8,-1.636084572,Foliar Cover,4
74,Plant structure and composition,-8.16,-0.000567419,Plant Density,40
74,Plant structure and composition,-8.33,-0.078020088,Plant Density,20.5
74,Plant structure and composition,-8.33,-0.000141855,Plant Density,34
74,Plant structure and composition,-9,-0.375855816,Litter Cover,20.5
74,Plant structure and composition,-9,-0.023890009,Plant Canopy Cover,20.5
74,Plant structure and composition,-9,-1.840595144,Foliar Cover,7
74,Plant structure and composition,-9.09,-0.000141855,Plant Density,18
74,Plant structure and composition,-9.5,-1.94285043,Foliar Cover,9
74,Plant structure and composition,-10,-0.417617574,Litter Cover,20.5
74,Plant structure and composition,-10,-0.417617574,Litter Cover,11.42
74,Plant structure and composition,-10.35,-2.116684415,Foliar Cover,43
74,Plant structure and composition,-10.5,-2.147361001,Foliar Cover,8
74,Plant structure and composition,-10.75,-2.198488644,Foliar Cover,40
74,Plant structure and composition,-11.25,-2.30074393,Foliar Cover,20
74,Plant structure and composition,-12,-0.031853345,Plant Canopy Cover,11.42
74,Plant structure and composition,-12.15,-2.484803444,Foliar Cover,37
74,Plant structure and composition,-12.91,-0.110299353,Plant Height,14
74,Plant structure and composition,-13,-0.03450779,Plant Canopy Cover,19.5
74,Plant structure and composition,-13,-0.690145346,Plant Basal Cover,13
74,Plant structure and composition,-13.04,-0.000212782,Plant Density,20.5
74,Plant structure and composition,-13.33,-0.001418547,Plant Density,37
74,Plant structure and composition,-13.5,-0.035835013,Plant Canopy Cover,19.5
74,Plant structure and composition,-14,-2.863148002,Foliar Cover,34
74,Plant structure and composition,-14.45,-2.955177759,Foliar Cover,25
74,Plant structure and composition,-14.5,-2.965403287,Foliar Cover,27
74,Plant structure and composition,-15,-0.62642636,Litter Cover,19.5
79,Terrestrial habitat for wildlife and invertebrates,250,0.418592379,Rodents captured,0
79,Terrestrial habitat for wildlife and invertebrates,200,0.167436952,Rodents captured,0
79,Terrestrial habitat for wildlife and invertebrates,166.67,0.418592379,Rodents captured,1
79,Terrestrial habitat for wildlife and invertebrates,100,0.083718476,Rodents captured,0
79,Terrestrial habitat for wildlife and invertebrates,22.58,0.586029331,Rodents captured,0
79,Terrestrial habitat for wildlife and invertebrates,19.17,0.431365535,Animal Number,14.58
79,Terrestrial habitat for wildlife and invertebrates,11.54,0.251155428,Rodents captured,0
79,Terrestrial habitat for wildlife and invertebrates,2.07,0.05829264,Animal Number,15.08
79,Terrestrial habitat for wildlife and invertebrates,0,0.251155428,Rodents captured,0
79,Terrestrial habitat for wildlife and invertebrates,0,0.167436952,Rodents captured,0
79,Terrestrial habitat for wildlife and invertebrates,0,0,Rodents captured,1
79,Terrestrial habitat for wildlife and invertebrates,0,0,Rodents captured,0
79,Terrestrial habitat for wildlife and invertebrates,0,0.083718476,Rodents captured,0
79,Terrestrial habitat for wildlife and invertebrates,0,0,Rodents captured,1
79,Terrestrial habitat for wildlife and invertebrates,0,0,Rodents captured,0
79,Terrestrial habitat for wildlife and invertebrates,-9.68,-0.251155428,Rodents captured,0
79,Terrestrial habitat for wildlife and invertebrates,-14.81,-0.334873904,Rodents captured,1
79,Terrestrial habitat for wildlife and invertebrates,-18.92,-0.586029331,Rodents captured,1
79,Terrestrial habitat for wildlife and invertebrates,-23.36,-1.165852797,Animal Number,1.5
79,Terrestrial habitat for wildlife and invertebrates,-33.33,-0.083718476,Rodents captured,1
79,Terrestrial habitat for wildlife and invertebrates,-38.46,-0.837184759,Rodents captured,0
79,Terrestrial habitat for wildlife and invertebrates,-50,-0.083718476,Rodents captured,0
79,Terrestrial habitat for wildlife and invertebrates,-51.35,-1.590651042,Rodents captured,1
79,Terrestrial habitat for wildlife and invertebrates,-62.96,-1.42321409,Rodents captured,1
79,Terrestrial habitat for wildlife and invertebrates,-75,-0.251155428,Rodents captured,1
79,Terrestrial habitat for wildlife and invertebrates,-100,-0.334873904,Rodents captured,1
79,Terrestrial habitat for wildlife and invertebrates,-100,-0.083718476,Rodents captured,1
79,Terrestrial habitat for wildlife and invertebrates,-100,-0.083718476,Rodents captured,0
79,Terrestrial habitat for wildlife and invertebrates,100,0.083718476,Rodents captured,1
79,Terrestrial habitat for wildlife and invertebrates,14.29,0.083718476,Rodents captured,1
79,Terrestrial habitat for wildlife and invertebrates,0,0,Rodents captured,1
79,Terrestrial habitat for wildlife and invertebrates,0,0,Rodents captured,1
79,Terrestrial habitat for wildlife and invertebrates,-20.69,-0.502310855,Rodents captured,1
79,Terrestrial habitat for wildlife and invertebrates,-21.05,-0.669747807,Rodents captured,1
79,Terrestrial habitat for wildlife and invertebrates,-35.71,-0.837184759,Rodents captured,1
79,Terrestrial habitat for wildlife and invertebrates,-37.5,-0.502310855,Rodents captured,1
79,Terrestrial habitat for wildlife and invertebrates,-66.67,-0.167436952,Rodents captured,1
79,Terrestrial habitat for wildlife and invertebrates,-100,-0.167436952,Rodents captured,1
79,Terrestrial habitat for wildlife and invertebrates,-100,-0.083718476,Rodents captured,1
